brand,eans,file_urls,files,model,model_2,product,product_lang,product_parent,source,thumb,type,url
Artrom,,https://comprarunmicroondas.com/artrom-mm-720vml/#comments,,MM-720BEML,,Microondas,es,Cocina,artrom.es,https://artrom.es/wp-content/uploads/2018/09/MM-720BEML-3.jpg,Manual usuario,https://artrom.es/producto/mm-720beml-microondas-beige-vintage/
Artrom,,https://www.ocu.org/electrodomesticos/microondas/test/comparar-microondas/artrom-mm720nmx/28095_47224,,MM-720NMX,,Microondas,es,Cocina,artrom.es,https://artrom.es/wp-content/uploads/2018/09/MM-720NMX-4.jpg,Manual usuario,https://artrom.es/producto/mm-720nmx-microondas-retro/
Artrom,,https://comprarunmicroondas.com/artrom-mm-720vml/#comments,,MM-720AML,,Microondas,es,Cocina,artrom.es,https://artrom.es/wp-content/uploads/2018/09/MM720AMLTR-3.png,Manual usuario,https://artrom.es/producto/mm-720aml/
Artrom,,https://artrom.es/wp-content/uploads/2018/04/ES_EN-MW-EA-manual-final.pdf,,AM-720NJL,,Microondas,es,Cocina,artrom.es,https://artrom.es/wp-content/uploads/2018/09/AM-720NJL-3.jpg,Manual usuario,https://artrom.es/producto/am-720njl/
Artrom,,https://artrom.es/wp-content/uploads/2018/04/ES_EN-MW-EA-manual-final.pdf,,AM-720RML,,Microondas,es,Cocina,artrom.es,https://artrom.es/wp-content/uploads/2018/09/AM-720RML-2.jpg,Manual usuario,https://artrom.es/producto/am-720rml/
Artrom,,https://artrom.es/wp-content/uploads/2018/05/Manual-MAX-ES-EN.pdf,,EA-MAX,,Climatizadores Evaporativos,es,Climatización,artrom.es,https://artrom.es/wp-content/uploads/2018/09/ea-max-2.jpg,Manual usuario,https://artrom.es/producto/ea-max/
Artrom,,https://artrom.es/wp-content/uploads/2017/07/Manual-final-1.pdf,,MM-720RML,,Pequeno Electrodomestico,es,Cocina,artrom.es,https://artrom.es/wp-content/uploads/2018/09/MM-720RML-1-3.jpg,Manual usuario,https://artrom.es/producto/mm-720rml-microondas-vintage-rojo/
Artrom,,https://artrom.es/wp-content/uploads/2019/05/IM-APH-9-ES_EN.pdf,,APH-2250 (R290),,Aire acondicionado,es,Climatización,artrom.es,https://artrom.es/wp-content/uploads/2018/09/proba2.2-3.jpg,Manual usuario,https://artrom.es/producto/aph-2250-r290/
Artrom,,https://artrom.es/wp-content/uploads/2017/05/MANUAL-TO-26YLC.pdf,,TO-26YLC,,Hornos,es,Cocina,artrom.es,https://artrom.es/wp-content/uploads/2018/09/TO-26YLC-4.jpg,Manual usuario,https://artrom.es/producto/horno-de-sobremesa-to-26ylc/
Artrom,,https://artrom.es/wp-content/uploads/2017/05/MANUAL-TO-9YLC.pdf,,TO-9YLC,,Hornos,es,Cocina,artrom.es,https://artrom.es/wp-content/uploads/2018/09/TO-9YLC-2-3.jpg,Manual usuario,https://artrom.es/producto/mini-horno-to-9ylc/
Artrom,,https://artrom.es/wp-content/uploads/2017/05/Manual-C-85.pdf,,C-85,,Aire acondicionado,es,Climatización,artrom.es,https://artrom.es/wp-content/uploads/2018/09/VC-85-3.jpg,Manual usuario,https://artrom.es/producto/aire-acondicionado-portatil-c-85/
Artrom,,https://artrom.es/wp-content/uploads/2017/05/MANUAL-MDH-16-20.pdf,,MDH-20,,Humidificadores,es,Climatización,artrom.es,https://artrom.es/wp-content/uploads/2018/09/MDH-20-11.jpg,Manual usuario,https://artrom.es/producto/mdh-20-deshumidifcador/
Artrom,,https://artrom.es/wp-content/uploads/2017/09/DHP-16R-y-20R.pdf,,DHP-16R,,Humidificadores,es,Climatización,artrom.es,,Manual usuario,https://artrom.es/producto/dhp-16r-deshumidificador/
Artrom,,https://artrom.es/wp-content/uploads/2017/09/Manual-de-usuario-DHP-16R-y-DHP-20R-ES.pdf,,DHP-20R,,Humidificadores,es,Climatización,artrom.es,,Manual usuario,https://artrom.es/producto/deshumidificador-dhp-20r/
Artrom,,https://artrom.es/wp-content/uploads/2017/05/MANUAL-MDH-16-20.pdf,,MDH-16,,Humidificadores,es,Climatización,artrom.es,https://artrom.es/wp-content/uploads/2018/09/MDH-20-9.jpg,Manual usuario,https://artrom.es/producto/deshumidificador-mdh-16/
Artrom,,https://artrom.es/wp-content/uploads/2017/05/MANUAL_VAB-12.pdf,,VAB-12,,Ventilacion,es,Climatización,artrom.es,https://artrom.es/wp-content/uploads/2018/09/box-fan-4.jpg,Manual usuario,https://artrom.es/producto/box-fan-vab-12/
Artrom,,https://artrom.es/wp-content/uploads/2017/05/MANUAL-DE-USUARIO-AWS-42.AWS-42B.pdf,,AWS-42,,Ventilacion,es,Climatización,artrom.es,https://artrom.es/wp-content/uploads/2018/09/AWS-42-1-3.jpg,Manual usuario,https://artrom.es/producto/ventilador-de-techo-aws-42/
Artrom,,https://artrom.es/wp-content/uploads/2018/05/Ficha-ARD-12.pdf,,ARD-12,,Aire acondicionado,es,Climatización,artrom.es,https://artrom.es/wp-content/uploads/2018/09/ard-12-2.jpg,Manual usuario,https://artrom.es/producto/aire-acondicionado-portatil-ard-12/
Artrom,,https://artrom.es/wp-content/uploads/2017/05/Manual-VAT-30B.pdf,,VAT-30B,,Ventilacion,es,Climatización,artrom.es,https://artrom.es/wp-content/uploads/2018/09/8423881444688.MAIN_-3.jpg,Manual usuario,https://artrom.es/producto/torre-de-ventilacion-vat-30b/
Artrom,,https://artrom.es/wp-content/uploads/2017/05/MANUAL-VAP-16.pdf,,VAP-16,,Ventilacion,es,Climatización,artrom.es,https://artrom.es/wp-content/uploads/2018/09/VAT-16-4.jpg,Manual usuario,https://artrom.es/producto/ventilador-pie-vap-16/
Artrom,,https://artrom.es/wp-content/uploads/2017/05/MANUAL-AM12-AM18.pdf,,AM12-DC,,Aire acondicionado,es,Climatización,artrom.es,https://artrom.es/wp-content/uploads/2018/09/AM12-dc-1-6.jpg,Manual usuario,https://artrom.es/producto/aire-acondicionado-de-split-am12-dc/
Artrom,,https://artrom.es/wp-content/uploads/2018/05/Wifi-Manual-completo-en_es-final.pdf,,CL12-DC,,Aire acondicionado,es,Climatización,artrom.es,https://artrom.es/wp-content/uploads/2018/09/CL-12DC-3.jpg,Manual usuario,https://artrom.es/producto/cl12-dc/
Artrom,,https://artrom.es/wp-content/uploads/2018/04/MANUAL-FINAL-ES_EN.pdf,,ARM12-DC,,Aire acondicionado,es,Climatización,artrom.es,https://artrom.es/wp-content/uploads/2018/09/fotoapagada-2-scaled.jpg,Manual usuario,https://artrom.es/producto/arm12-dc/
Artrom,,https://artrom.es/wp-content/uploads/2018/05/Manual_ES_EN-t98.pdf,,EA-T98,,Climatizadores Evaporativos,es,Climatización,artrom.es,https://artrom.es/wp-content/uploads/2018/09/EA-T98-2.jpg,Manual usuario,https://artrom.es/producto/evaporativo-ea-t98/
